{
  "RandomForest": {
    "Accuracy": 0.5051663306451613,
    "Precision": 0.5032891507118311,
    "Recall": 0.4326468602295746,
    "F1": 0.4653020469296056,
    "ROC_AUC": 0.507065048021878
  },
  "XGBoost": {
    "Accuracy": 0.4994959677419355,
    "Precision": 0.4969230769230769,
    "Recall": 0.46345374746792706,
    "F1": 0.4796052056948205,
    "ROC_AUC": 0.5057569620714106
  },
  "RandomForest_Reduced": {
    "Accuracy": 0.5079805107526881,
    "Precision": 0.5071019715921137,
    "Recall": 0.4037812288993923,
    "F1": 0.4495818062212198,
    "ROC_AUC": 0.5059591503526271
  }
}