{
  "LSTM": {
    "train_loss": [
      0.6811943512392447,
      0.6429855181643618,
      0.6225102316113909,
      0.6083430397611206
    ],
    "val_loss": [
      0.6996194473505224,
      0.7154752654040205,
      0.7439475326572361,
      0.739344612521381
    ],
    "train_acc": [
      0.5624022521113544,
      0.6269314982796371,
      0.650265874257116,
      0.6627776040037535
    ],
    "val_acc": [
      0.5218209823720692,
      0.5178846482971077,
      0.5002567174396714,
      0.5163443436590792
    ],
    "train_auc": [
      0.5760373850504004,
      0.6724402217877103,
      0.705054392409434,
      0.7243343554349926
    ],
    "val_auc": [
      0.5306415720922788,
      0.5314111314564377,
      0.5119568543091559,
      0.5250344209976323
    ]
  },
  "Transformer": {
    "train_loss": [
      0.6969656125135186,
      0.6909957199384542,
      0.6879143326216128,
      0.6819184359364633
    ],
    "val_loss": [
      0.6937739021888686,
      0.6940302311425419,
      0.69724531409758,
      0.7066187956001423
    ],
    "train_acc": [
      0.5184235220519237,
      0.529715358148264,
      0.5392868314044417,
      0.5590866437284955
    ],
    "val_acc": [
      0.4916994694506247,
      0.5079582406298134,
      0.5026527468766044,
      0.5308916652404587
    ],
    "train_auc": [
      0.5099487927559957,
      0.5235240277386897,
      0.5477685914692576,
      0.5755650277185522
    ],
    "val_auc": [
      0.5120939499065631,
      0.512668280432869,
      0.4970089035647209,
      0.49905374618132864
    ]
  }
}